﻿{
  "$schema": "https://schema.management.azure.com/schemas/2015-01-01/deploymentParameters.json#",
  "contentVersion": "1.0.0.0",
  "parameters": {
    "storageAccountName": {
      "value": "<Name of your Azure Storage account>"
    },
    "storageAccountKey": {
      "value": "<Key of your Azure Storage account>"
    },
    "blobContainer": {
      "value": "adfgetstarted"
    },
    "inputBlobFolder": {
      "value": "inputdata"
    },
    "inputBlobName": {
      "value": "input.log"
    },
    "outputBlobFolder": {
      "value": "partitioneddata"
    },
    "hiveScriptFolder": {
      "value": "script"
    },
    "hiveScriptFile": {
      "value": "partitionweblogs.hql"
    }
  }
}