{
  "$schema": "http://schema.management.azure.com/schemas/2015-01-01/deploymentParameters.json#",
  "contentVersion": "1.0.0.0",
  "parameters": {
    "keyVaultName": {
      "value": "testvault"
    },
    "location": {
      "value": "West US"
    },
    "tenantId": {
      "value": "example-guid"
    },
    "objectId": {
      "value": "example-guid"
    },
    "keysPermissions": {
      "value": [
        "all"
      ]
    },
    "secretsPermissions": {
      "value": [
        "all"
      ]
    },
    "skuName": {
      "value": "Standard"
    },
    "enableVaultForDeployment": {
      "value": false
    },
    "enableVaultForDiskEncryption": {
      "value": false
    },
    "enabledForTemplateDeployment": {
      "value": false
    }
  }
}