{
  "$schema": "https://schema.management.azure.com/schemas/2015-01-01/deploymentTemplate.json#",
  "contentVersion": "1.0.0.0",
  "parameters": {
    "keyVaultName": {
      "type": "string",
      "metadata": {
        "description": "Name of the Vault"
      }
    },
    "location": {
      "type": "string",
      "allowedValues": [
        "Central US",
        "East US",
        "East US 2",
        "North Central US",
        "South Central US",
        "West US",
        "North Europe",
        "West Europe",
        "East Asia",
        "Southeast Asia",
        "Japan East",
        "Japan West",
        "Brazil South",
        "Australia East",
        "Australia Southeast"
      ],
      "metadata": {
        "description": "Key Vault location"
      }
    },
    "tenantId": {
      "type": "string",
      "metadata": {
        "description": "Tenant Id of the subscription. Get using Get-AzureRmSubscription cmdlet or Get Subscription API"
      }
    },
    "objectId": {
      "type": "string",
      "metadata": {
        "description": "Object Id of the AD user. Get using Get-AzureRmADUser or Get-AzureRmADServicePrincipal cmdlets"
      }
    },
    "keysPermissions": {
      "type": "array",
      "defaultValue": [],
      "metadata": {
        "description": "Permissions to keys in the vault. Valid values are: all, create, import, update, get, list, delete, backup, restore, encrypt, decrypt, wrapkey, unwrapkey, sign, and verify."
      }
    },
    "secretsPermissions": {
      "type": "array",
      "defaultValue": [],
      "metadata": {
        "description": "Permissions to secrets in the vault. Valid values are: all, get, set, list, and delete."
      }
    },
    "skuName": {
      "type": "string",
      "defaultValue": "Standard",
      "allowedValues": [
        "Standard",
        "Premium"
      ],
      "metadata": {
        "description": "SKU for the vault"
      }
    },
    "enableVaultForDeployment": {
      "type": "bool",
      "defaultValue": false,
      "allowedValues": [
        true,
        false
      ],
      "metadata": {
        "description": "Specifies if the vault is enabled for a VM deployment"
      }
    },
    "enableVaultForDiskEncryption": {
      "type": "bool",
      "defaultValue": false,
      "allowedValues": [
        true,
        false
      ],
      "metadata": {
        "description": "Specifies if the azure platform has access to the vault for enabling disk encryption scenarios."
      }
    },
    "enabledForTemplateDeployment": {
      "type": "bool",
      "defaultValue": false,
      "allowedValues": [
        true,
        false
      ],
      "metadata": {
        "description": "Specifies whether Azure Resource Manager is permitted to retrieve secrets from the key vault."
      }
    }
  },
  "resources": [
    {
      "type": "Microsoft.KeyVault/vaults",
      "name": "[parameters('keyVaultName')]",
      "apiVersion": "2015-06-01",
      "location": "[parameters('location')]",
      "properties": {
        "enabledForDeployment": "[parameters('enableVaultForDeployment')]",
        "enabledForDiskEncryption": "[parameters('enableVaultForDiskEncryption')]",
        "enabledForTemplateDeployment": "[parameters('enabledForTemplateDeployment')]",
        "tenantId": "[parameters('tenantId')]",
        "accessPolicies": [
          {
            "tenantId": "[parameters('tenantId')]",
            "objectId": "[parameters('objectId')]",
            "permissions": {
              "keys": "[parameters('keysPermissions')]",
              "secrets": "[parameters('secretsPermissions')]"
            }
          }
        ],
        "sku": {
          "name": "[parameters('skuName')]",
          "family": "A"
        }
      }
    }
  ]
}