﻿{
    "$schema": "https://schema.management.azure.com/schemas/2015-01-01/deploymentParameters.json#",
    "contentVersion": "1.0.0.0",
  "parameters": {
    "vaults_backup_name": {
      "value": "backup"
    },
    "sqlserverName": {
      "value": "sqlserver"
    },
    "sqlserverAdminLogin": {
      "value": "azureadmin"
    },
    "sqlserverAdminLoginPassword": {
      "value": "admin@123456"
    },
    "PsqldbName": {
      "value": "mytestdb1"
    },
    "Location": {
      "value": "westeurope"
    }
  }
}